<application>
  <component name="FileTypeManager" version="17">
    <extensionMap>
      <removed_mapping pattern=".env" approved="true" type=".env file" />
      <mapping ext="cshtml" type="HTML" />
      <mapping pattern=".env" type="PLAIN_TEXT" />
      <mapping pattern=".gitkeep" type="PLAIN_TEXT" />
      <mapping pattern="ttt" type="PLAIN_TEXT" />
      <mapping pattern="Jenkinsfile" type="PLAIN_TEXT" />
      <mapping ext="php" type="PLAIN_TEXT" />
      <mapping ext="git" type="PLAIN_TEXT" />
      <mapping ext="dist" type="PLAIN_TEXT" />
      <mapping ext="node" type="PLAIN_TEXT" />
      <mapping ext="config" type="XML" />
      <removed_mapping ext="dll" approved="true" type="Git file" />
      <removed_mapping pattern=".env" approved="true" type=".env file" />
      <removed_mapping ext="cshtml" approved="true" type="C#" />
      <mapping pattern=".gitignore_global" type="Git file" />
    </extensionMap>
  </component>
</application>