<application>
  <component name="FindSettings">
    <option name="customScope" value="All Places" />
    <option name="defaultScopeName" value="All Places" />
    <option name="SEARCH_SCOPE" value="All Places" />
    <mask>*.properties</mask>
    <mask>*.jsp</mask>
    <mask>*.xml</mask>
    <mask>*.java</mask>
    <mask>*.as</mask>
    <mask>*.css</mask>
    <mask>*.mxml</mask>
    <mask>*.json</mask>
    <mask>*module.ts</mask>
    <mask>*.server.config.js</mask>
    <mask>*.html</mask>
    <mask>*.ts</mask>
    <mask>*.js</mask>
  </component>
</application>